Video ID,Shawn Seconds,Total Seconds
7403216278124530952,0,52.6
7421396123920747783,0,56.166666666666664
7488663442887331079,2,20.8
7489015257722227976,2,23.166666666666668
