Video ID,Shawn Seconds,Total Seconds
7448811316812188946,2,12.066666666666666
7470384015841742098,0,73.76666666666667
7480559957377649927,0,59.86666666666667
7481317769410039047,0,23.466666666666665
7483429229493849362,0,30.533333333333335
7483766168847813906,2,24.766666666666666
7484554665833663751,1,22.466666666666665
